{
  "enq1": {
    "b": 1.1899999999999107,
    "k": 149.2071713521517
  },
  "enq2": {
    "b": -1.5200000000000315,
    "k": 4.097881808923345
  },
  "enq3": {
    "b": 1.5399999999999032,
    "k": 1090.9970112401609
  },
  "enq4": {
    "b": -0.7600000000000477,
    "k": 4.097881808923313
  },
  "enq5": {
    "b": 0.6599999999999868,
    "alpha": 0.011,
    "k": 122.13771238351134
  },
  "enq6": {
    "b": 0.7599999999999865,
    "alpha": 0.011,
    "k": 258.8430015065752
  },
  "enq7": {
    "b": -1.0400000000000071,
    "alpha": 0.09099999999999998,
    "k": 73.92766958729075
  }
}